{"DMZGXPW54WM0loea5h+V6g==":"capa-face-npdj.png","ApiPyCnP++dAWtAjnIy/7Q==":"business-card-mockup-vol40.png","NeLYXcoZUF0+NrieXM3YMQ==":"4633087.png","tbKDjEibo2xlsMBxPTl55A==":"avatar-npdj-horozontal.png","sHyeRvZnWR/8RnXlNBqb4Q==":"avatar-npdj.png","pdPngWH1tNvDrjK7KLKfyw==":"camiseta-npdj-oficial-frente.png","XXbpFxM6Zs9LKPCfEWIrcw==":"camiseta-npdj-oficial-costas.png","5CeBa/9VzCbTAm4e4UXlmw==":"ki1.png","hSVjMucEUHXKJ1dWAM4I9A==":"logo-novo-pohha.png","Xtcq9nFZQTOKaqRpIVEmnQ==":"ki1.png","qjTh5a6y6h+Vay7DHp7pbA==":"avatar-npdj-branco.png","2QgHYJPed3+91Yvoes4GQA==":"logo-mockup-on-grey-wall.png","aiiL2BXbV84Zp+TBnXGmdQ==":"euavatarfotopro.jpg","SGe8etYEG/2/wdCNuQ+qaA==":"avatar-julio.png","nh8rDKU9cdbj6IrtnNCrXQ==":"free-cap-mockup-mockuphero.png","JMvuWAeB5brxW/kHcOgjHg==":"socio-sulio.png","y1wHx3NBbNpttHNyGJ3sdA==":"embossed-business-card-mockup-2.png"}